id,symbol,name,current_price,market_cap,market_cap_rank,total_volume,high_24h,low_24h,price_change_percentage_24h,last_updated,fetched_at,snapshot_date,daily_price_change_pct,daily_market_cap_change_pct,trend_label
bitcoin,btc,Bitcoin,84585.0,1699663524251.0,1,33291505874.0,85183.0,83182.0,1.28681,2026-10-02 01:39:30,2026-10-02 01:42:57.497492,2026-10-02,1.29,1.3,Bullish
ethereum,eth,Ethereum,2700.32,329706191013.0,2,13550979344.0,2720.25,2674.08,0.46568,2026-10-02 01:39:30,2026-10-02 01:42:57.497492,2026-10-02,0.46,0.47,Sideways
tether,usdt,Tether,0.999725,184008280195.0,3,64301923764.0,0.999792,0.999361,0.0206,2026-10-02 01:39:30,2026-10-02 01:42:57.497492,2026-10-02,0.02,0.13,Sideways
binancecoin,bnb,BNB,769.32,102441136640.0,4,675870375.0,773.8,763.42,0.10341,2026-10-02 01:39:30,2026-10-02 01:42:57.497492,2026-10-02,0.06,0.06,Sideways
ripple,xrp,XRP,1.49,93820148316.0,5,2514803396.0,1.51,1.48,-0.23033,2026-10-02 01:39:30,2026-10-02 01:42:57.497492,2026-10-02,0.0,-0.18,Sideways
usd-coin,usdc,USDC,0.999915,74023128143.0,6,21126763110.0,1.0,0.999311,0.00944,2026-10-02 01:39:30,2026-10-02 01:42:57.497492,2026-10-02,0.01,0.04,Sideways
solana,sol,Solana,118.67,69813947520.0,7,3328951913.0,119.54,116.75,0.47086,2026-10-02 01:39:30,2026-10-02 01:42:57.497492,2026-10-02,0.48,0.52,Sideways
tron,trx,TRON,0.334245,31743022261.0,8,420256549.0,0.338399,0.332343,-1.00906,2026-10-02 01:39:30,2026-10-02 01:42:57.497492,2026-10-02,-1.01,-1.03,Bearish
figure-heloc,figr_heloc,Figure Heloc,1.02,23864679019.0,9,27494830.0,1.029,1.016,-0.70854,2026-10-02 01:39:30,2026-10-02 01:42:57.497492,2026-10-02,-0.68,-0.45,Sideways
zcash,zec,Zcash,1322.21,22437620696.0,10,1073528128.0,1447.72,1305.82,-6.84348,2026-10-02 01:39:30,2026-10-02 01:42:57.497492,2026-10-02,-6.82,-6.8,Bearish
hyperliquid,hype,Hyperliquid,87.78,19527322687.0,11,869998466.0,90.61,86.5,-2.07879,2026-10-02 01:39:30,2026-10-02 01:42:57.497492,2026-10-02,-2.04,-2.05,Bearish
dogecoin,doge,Dogecoin,0.093387,14585826764.0,12,679547972.0,0.095997,0.093518,-1.52075,2026-10-02 01:39:30,2026-10-02 01:42:57.497492,2026-10-02,-1.42,-1.4,Bearish
chainlink,link,Chainlink,14.21,10627199366.0,13,441930667.0,14.54,14.15,-1.17251,2026-10-02 01:39:30,2026-10-02 01:42:57.497492,2026-10-02,-1.18,-1.21,Bearish
monero,xmr,Monero,544.56,10235244763.0,14,112427511.0,552.82,537.18,-0.26602,2026-10-02 01:39:30,2026-10-02 01:42:57.497492,2026-10-02,-0.27,-0.36,Sideways
whitebit,wbt,WhiteBIT Coin,84.46,10035953230.0,15,106212466.0,85.05,83.12,1.19391,2026-10-02 01:39:30,2026-10-02 01:42:57.497492,2026-10-02,1.2,1.15,Bullish
