id,symbol,name,current_price,market_cap,market_cap_rank,total_volume,high_24h,low_24h,price_change_percentage_24h,last_updated,fetched_at,snapshot_date
bitcoin,btc,Bitcoin,84585.0,1699663524251,1,33291505874,85183.0,83182.0,1.28681,2026-10-02T01:39:30.000Z,2026-10-02T01:42:57.497492+00:00,2026-10-02
ethereum,eth,Ethereum,2700.32,329706191013,2,13550979344,2720.25,2674.08,0.46568,2026-10-02T01:39:30.000Z,2026-10-02T01:42:57.497492+00:00,2026-10-02
tether,usdt,Tether,0.999725,184008280195,3,64301923764,0.999792,0.999361,0.0206,2026-10-02T01:39:30.000Z,2026-10-02T01:42:57.497492+00:00,2026-10-02
binancecoin,bnb,BNB,769.32,102441136640,4,675870375,773.8,763.42,0.10341,2026-10-02T01:39:30.000Z,2026-10-02T01:42:57.497492+00:00,2026-10-02
ripple,xrp,XRP,1.49,93820148316,5,2514803396,1.51,1.48,-0.23033,2026-10-02T01:39:30.000Z,2026-10-02T01:42:57.497492+00:00,2026-10-02
usd-coin,usdc,USDC,0.999915,74023128143,6,21126763110,1.0,0.999311,0.00944,2026-10-02T01:39:30.000Z,2026-10-02T01:42:57.497492+00:00,2026-10-02
solana,sol,Solana,118.67,69813947520,7,3328951913,119.54,116.75,0.47086,2026-10-02T01:39:30.000Z,2026-10-02T01:42:57.497492+00:00,2026-10-02
tron,trx,TRON,0.334245,31743022261,8,420256549,0.338399,0.332343,-1.00906,2026-10-02T01:39:30.000Z,2026-10-02T01:42:57.497492+00:00,2026-10-02
figure-heloc,figr_heloc,Figure Heloc,1.02,23864679019,9,27494830,1.029,1.016,-0.70854,2026-10-02T01:39:30.000Z,2026-10-02T01:42:57.497492+00:00,2026-10-02
zcash,zec,Zcash,1322.21,22437620696,10,1073528128,1447.72,1305.82,-6.84348,2026-10-02T01:39:30.000Z,2026-10-02T01:42:57.497492+00:00,2026-10-02
hyperliquid,hype,Hyperliquid,87.78,19527322687,11,869998466,90.61,86.5,-2.07879,2026-10-02T01:39:30.000Z,2026-10-02T01:42:57.497492+00:00,2026-10-02
dogecoin,doge,Dogecoin,0.093387,14585826764,12,679547972,0.095997,0.093518,-1.52075,2026-10-02T01:39:30.000Z,2026-10-02T01:42:57.497492+00:00,2026-10-02
chainlink,link,Chainlink,14.21,10627199366,13,441930667,14.54,14.15,-1.17251,2026-10-02T01:39:30.000Z,2026-10-02T01:42:57.497492+00:00,2026-10-02
monero,xmr,Monero,544.56,10235244763,14,112427511,552.82,537.18,-0.26602,2026-10-02T01:39:30.000Z,2026-10-02T01:42:57.497492+00:00,2026-10-02
whitebit,wbt,WhiteBIT Coin,84.46,10035953230,15,106212466,85.05,83.12,1.19391,2026-10-02T01:39:30.000Z,2026-10-02T01:42:57.497492+00:00,2026-10-02
